{"followers_count": {"min": 0, "max": 108429089, "histogram": [0.0020740464217483914, 0.0018234121003176099, 0.0014435787003399857, 0.0011385346027081682, 0.0008331686393347827, 0.0005508622122952696, 0.0003130184117908925, 0.0001416058229346597, 3.1573108852097235e-05, 9.223224501955123e-10], "edges": [0.0, 48.0, 103.0, 172.0, 260.0, 380.0, 562.0, 881.0, 1589.0, 4756.600000000006, 108429089.0]}, "listed_count": {"min": 0, "max": 193794, "histogram": [NaN, 0.08762599090889128, 0.03944750653286194, 0.024384593425415577, 0.016091701618393024, 0.009764258008619985, 0.005411902579743678, 0.002542436153626562, 0.000796317267913043, 5.168351877982857e-07], "edges": [0.0, 0.0, 2.0, 5.0, 9.0, 15.0, 26.0, 45.0, 85.0, 211.0, 193794.0]}, "friends_count": {"min": 0, "max": 1781883, "histogram": [0.001259846546888034, 0.001418564307516634, 0.0012618854168954083, 0.0010690116258615149, 0.0008605754098628338, 0.0006390408671969531, 0.0004284671558876087, 0.0002675969225649332, 0.00012082864048260169, 5.620542081008505e-08], "edges": [0.0, 79.0, 149.0, 229.0, 322.0, 439.0, 595.0, 829.0, 1203.0, 2031.0, 1781883.0]}, "collective_count": {"min": 0, "max": 8, "histogram": [NaN, NaN, NaN, NaN, NaN, NaN, NaN, NaN, NaN, 0.125], "edges": [0.0, 0.0, 0.0, 0.0, 0.0, 0.0, 0.0, 0.0, 0.0, 0.0, 8.0]}, "tweets_per_month": {"min": 0.0, "max": 38594.92592592593, "histogram": [0.04948877855994962, 0.03952132120935953, 0.028718180019313057, 0.020895893998125577, 0.01459293689598351, 0.009923235355981316, 0.006088448257681658, 0.0033146291596307205, 0.0013105656601159182, 2.601359708090235e-06], "edges": [0.0, 2.0207044673539523, 4.550928686081175, 8.032967032967033, 12.818701298701304, 19.666666666666668, 29.75, 46.17562825983878, 76.34557823129255, 152.64683281412255, 38594.92592592593]}, "descr_high": {"min": 0, "max": 198, "histogram": [0.0033322353733429956, 0.0038772919914798307, 0.004418572900246993, 0.005143538043157918, 0.005872406715381644, 0.006634313445618041, 0.007872879881487887, 0.010228107287770433, 0.015209673759488203, 0.002896150659391923], "edges": [0.0, 30.0, 55.0, 78.0, 97.0, 114.0, 129.0, 142.0, 151.0, 157.0, 198.0]}, "pronoun_count": {"min": 0, "max": 13, "histogram": [NaN, NaN, NaN, NaN, NaN, NaN, NaN, 0.7997672324820484, NaN, 0.016686063959829304], "edges": [0.0, 0.0, 0.0, 0.0, 0.0, 0.0, 0.0, 0.0, 1.0, 1.0, 13.0]}, "ratio": {"min": 0.0, "max": 28105005.0, "histogram": [0.3771001527354945, 0.8042887327250731, 0.8250269520482457, 0.7189921298532569, 0.5659770759744029, 0.4863669917445408, 0.3564073114471191, 0.13949544310433526, 0.025407497445876375, 3.5581640047937115e-09], "edges": [0.0, 0.26517571884984026, 0.3894736842105263, 0.5107217701686447, 0.6498022968225713, 0.8264840182648402, 1.032085561497326, 1.312669580702606, 2.0295546179090493, 5.965314300382182, 28105005.0]}, "rep_punc": {"min": 0, "max": 18, "histogram": [NaN, NaN, NaN, NaN, NaN, NaN, NaN, NaN, 0.8298293770175015, 0.010010036646029324], "edges": [0.0, 0.0, 0.0, 0.0, 0.0, 0.0, 0.0, 0.0, 0.0, 1.0, 18.0]}, "months": {"min": 2, "max": 144, "histogram": [0.0034300270098157623, 0.004732312125974701, 0.006129910626056787, 0.011044501538363942, 0.01385437286093866, 0.012675399108456487, 0.012005094534355169, 0.016801715745478233, 0.02701091372230396, 0.0029527373434276765], "edges": [2.0, 31.0, 52.0, 68.0, 77.0, 84.0, 92.0, 100.0, 106.0, 110.0, 144.0]}, "verified": {"min": 0, "max": 1, "histogram": [NaN, NaN, NaN, NaN, NaN, NaN, NaN, NaN, NaN, 1.0], "edges": [0.0, 0.0, 0.0, 0.0, 0.0, 0.0, 0.0, 0.0, 0.0, 0.0, 1.0]}, "statuses_count": {"min": 0, "max": 2975989, "histogram": [0.0009666311837266552, 0.0006336202020190789, 0.00040731637690342076, 0.0002718883097812959, 0.00018011291776635766, 0.0001133671667486883, 6.898734945502313e-05, 3.6627076880171656e-05, 1.4288696636654098e-05, 3.37575321628822e-08], "edges": [0.0, 103.0, 261.0, 507.0, 875.0, 1430.0, 2313.0, 3762.0, 6493.0, 13492.0, 2975989.0]}}